Product Name,Category,Price,Stock,Image
SS Ton Player Edition English Willow Bat,Bats,275,10,
SG Sunny Tonny English Willow Bat,Bats,320,6,
Kookaburra Kahuna Pro Bat,Bats,240,3,
GM Diamond Kashmir Willow Bat,Bats,95,0,
Kookaburra Turf Red Leather Ball,Balls,28,24,
SG Club Leather Ball,Balls,18,7,
SS Tennis Cricket Ball (Pack of 6),Balls,22,2,
Dukes County A Match Ball,Balls,45,0,
SS Master 5000 Kit Bag (Wheelie),Kits & Kitbags,165,9,
SG Ezeepak Kitbag,Kits & Kitbags,85,4,
DSC Junior Complete Cricket Kit,Kits & Kitbags,210,5,
